"search-number","evaluation","a*","b*","c*","d*","num-replicates","best-fitness-so-far","recheck-replications","best-fitness-rechecked"
"1","1","22","-22","25","-9","1","-1550.2152832084025","10","-3928.893787876817"
"1","2","22","-21","-7","8","1","-1120.479399204225","10","-1779.681876633301"
"1","3","22","-21","-2","8","1","-919.2962868733309","10","-1684.3191268059104"
"1","8","23","-21","1","8","1","-698.3597778437464","10","-1702.7015275662845"
"1","46","20","-21","-2","8","1","-364.2895436712731","10","-1938.588096693308"
"1","62","20","-18","-2","8","1","-206.33144161584164","10","-1079.0428980913243"
"1","69","-21","-18","-2","7","1","185.07284748464826","10","-1361.3054599196662"
"1","121","-12","-18","-2","6","1","339.28403906477365","10","-863.4340522413149"
"1","140","-12","-18","-2","-7","1","649.6348239459844","10","-968.3472158904533"
